COUNTYNS,GEOID,ALAND,AWATER,NAME,State,UniqueID,TREND_Z,TREND_P,TREND_BIN,CATEGORY,PATTERN,PERC_HOT,PERC_COLD,SUM_VALUE,MIN_VALUE,MAX_VALUE,MEAN_VALUE,STD_VALUE,MED_VALUE,population,populati_1,populati_2,raceandhis,wealth_pci,ownerrente,ownerren_1,ownerren_2,ownerren_3,households,househol_1,househol_2,househol_3,populati_3,populati_4,historical,housingcos,housingc_1,housingc_2,housingc_3,homevalue_,Point_Coun,END_DATE1_,END_DATE11,END_DATE_1,END_DATE_2,END_DATE_3,END_DATE_4,END_DATE_5,END_DATE_6,END_DATE_7,END_DATE_8,END_DATE_9,END_DAT_10,END_DAT_11,END_DAT_12,END_DAT_13,END_DAT_14,END_DAT_15,END_DAT_16,END_DAT_17,Shape__Are,Shape__Len,GlobalID,PM25Weight
424202,17001,2214804824,41767689,Adams County,Illinois,596,-4.128297428,3.65459E-05,-3,6,Sporadic Hot Spot,73.68421053,0,208.7683656,7.248272966,15.66668071,10.98780872,2.419987994,10.45909858,-0.17,-0.05,-0.22,5853,30652,6226,22.74,21157,77.26,3259,11.94,24041,88.06,66822,66101,67119,0,525,0,27300,169294,46,15.66668071,12.23816344,15.17813816,14.57030328,13.452738,13.22283066,10.39309183,11.86364785,10.51310026,9.940101105,9.492796946,8.80252739,10.45909858,8.964237548,7.248272966,9.39802021,8.697177761,10.96032013,7.707118813,3848610121,251711.4558,{16DEF4E4-49EB-4EEB-9C5D-3ED75327A15D},11.10224886
424203,17003,609996948,44237171,Alexander County,Illinois,597,-3.988355143,6.6533E-05,-3,4,Persistent Hot Spot,100,0,233.783714,8.564079159,19.5375951,12.304406,3.003481957,11.53318113,-1.51,-2.04,-1.62,2964,19187,936,32.08,1982,67.92,545,23.46,1778,76.54,6806,6273,8232,0,258,90365,2323,115313,15,19.5375951,14.40304413,17.28158297,14.09908674,15.15768646,14.89786911,12.93257232,14.33257232,11.39512939,11.53318113,9.321461185,8.853120257,10.28980214,10.90745817,8.661187258,9.939269432,9.861339422,11.81567732,8.564079159,1032819605,225065.2735,{F3A4C666-BB1E-47A8-9278-AECDE16FDBC2},12.6293142
424204,17005,985073312,6462629,Bond County,Illinois,598,-4.268239714,1.97022E-05,-3,4,Persistent Hot Spot,100,0,253.3162679,9.093588529,21.05157894,13.33243515,3.317901976,12.28727271,0.08,-0.24,-0.41,2250,26110,1677,26.13,4742,73.87,902,14.51,5316,85.49,17381,17030,17754,0,429,0,6218,177821,19,21.05157894,16.09052633,17.82114829,17.42851674,16.35196172,15.87760766,13.26306221,16.05607659,13.15425837,11.6063158,10.44717702,10.035311,11.39799044,10.86411483,9.093588529,10.34028708,10.68459331,12.28727271,9.464880389,1638856499,168356.3018,{1821FB78-2976-453B-8C92-DF5CD9C80405},13.4657123
424205,17007,727171389,3361806,Boone County,Illinois,599,-4.058326286,4.94257E-05,-3,3,Intensifying Hot Spot,100,0,227.3268543,9.365856791,15.90613811,11.96457128,1.82142658,12.01867007,2.63,0.05,-0.38,15369,29516,4378,23.48,14267,76.52,1915,10.22,16816,89.78,54441,53411,54230,0,673,0,18731,225736,13,15.90613811,13.28721227,14.0668798,13.55767265,13.67979542,13.87864449,12.13887467,13.1584399,13.15255755,11.28107418,11.11317137,10.75166241,9.365856791,10.25869563,9.4569054,10.11125319,10.29514066,12.01867007,9.848209763,1337234972,154961.8091,{66488916-AA08-4417-95F2-1AE92C9A1F43},12.36784872
424206,17009,791704469,4139310,Brown County,Illinois,600,-4.338210857,1.43647E-05,-3,4,Persistent Hot Spot,94.73684211,0,217.3398081,7.623741011,16.61702637,11.43893727,2.631386471,10.87853718,-0.02,-0.29,-0.38,1864,28076,366,18.19,1646,81.81,223,10.69,1864,89.31,6752,6626,6929,570,393,131011,2087,143515,16,16.61702637,12.93429256,15.86846523,15.35587527,14.12086332,13.91642687,10.87853718,12.30299759,11.22026376,10.70371702,9.747122271,8.885011987,10.62122302,9.184292565,7.623741011,9.149520375,9.065227816,11.15899283,7.986211071,1356284250,174435.1885,{0FE72364-55A3-417F-B5DE-546FCD964547},11.73395503
424207,17011,2250916543,11606402,Bureau County,Illinois,601,-4.268239714,1.97022E-05,-3,4,Persistent Hot Spot,100,0,236.8441129,9.069378581,17.13291088,12.46547963,2.371705144,12.19088307,-0.15,-0.23,-0.6,4468,30719,3136,22.34,10900,77.66,1529,11.08,12276,88.92,34236,33216,34965,0,493,135693,13805,148200,44,17.13291088,13.56573998,15.62980378,15.58753067,14.89170075,15.74844644,12.21324611,13.65183974,12.85482421,11.8292314,11.30568275,10.74771055,10.37890432,10.6190515,9.069378581,9.658626318,10.41152903,12.19088307,9.357072778,4025040746,282636.9273,{53AF8B23-4442-4483-98B1-A2521424FCD0},12.63786063
424208,17013,657402921,77058387,Calhoun County,Illinois,602,-4.128297428,3.65459E-05,-3,4,Persistent Hot Spot,94.73684211,0,219.8464935,7.676233782,16.59636363,11.57086808,2.776552104,11.38077923,0.01,-0.39,-0.64,119,27950,292,14.39,1737,85.61,242,13.41,1563,86.59,4910,4755,5088,562,354,143999,1805,173187,15,16.58129868,13.03025973,16.59636363,15.99298705,13.69415584,13.96090909,11.66012986,13.30168832,11.67389609,10.48103897,9.499610364,8.644415589,10.16454544,9.426233737,7.676233782,8.957922071,9.030129854,11.38077923,8.093896139,1223626354,231481.8446,{CE278862-A4C7-4BD9-A5D2-13679080B258},11.6647754
424209,17015,1152657063,55892254,Carroll County,Illinois,603,-3.778441714,0.000157813,-3,3,Intensifying Hot Spot,94.73684211,0,224.9191833,9.187596298,15.10939908,11.83785175,1.787173608,11.86748845,-0.8,-0.39,-0.72,1141,28143,1345,21,5060,79,828,12.79,5648,87.21,14842,14315,15368,0,448,155087,6476,169615,25,15.10939908,12.35077043,13.73274268,13.84653313,14.17573189,14.73081664,12.11448384,12.61163328,11.86748845,11.14013865,11.17604006,10.65084746,9.641833574,10.16232664,9.187596298,10.08690292,9.955238823,12.44322033,9.935439153,2194626730,215282.3828,{927C23BB-2C69-475C-B2FA-EE83BC4C9106},11.96595597
424210,17017,973191108,20570537,Cass County,Illinois,604,-4.268239714,1.97022E-05,-3,4,Persistent Hot Spot,100,0,229.3770028,8.011498596,17.4204524,12.07247383,2.737331399,11.38991516,-0.04,-0.29,-0.75,3331,24961,1260,24.47,3889,75.53,623,12.4,4401,87.6,13277,12788,13638,606,423,93338,5024,106101,22,17.4204524,14.24495759,16.32045243,16.33251651,14.68435439,14.81442036,11.66540999,12.91479735,11.82761545,11.23298774,10.1785108,9.440150773,11.17530634,9.862205457,8.011498596,9.618284624,9.489255404,11.38991516,8.753911439,1694154984,233888.596,{D95177E1-EF95-4648-AB9D-5F0BAABE8539},11.93695679
424211,17019,2579909092,6099477,Champaign County,Illinois,605,-4.408182,1.04242E-05,-3,4,Persistent Hot Spot,100,0,249.0610805,9.193311287,20.41646453,13.10847792,2.956570392,12.37758178,1.13,0.78,0.76,73081,31352,40950,47.03,46113,52.97,16836,20.41,65663,79.59,216034,224368,201322,0,723,0,82499,203449,55,20.41646453,16.30319735,16.9384785,15.66699744,15.3984932,15.21260566,13.0124219,15.03123853,13.82072767,12.30389564,10.5046674,10.18574053,11.31863286,10.82366777,9.193311287,9.965784635,11.12785742,12.37758178,9.459316418,4430075403,270356.9663,{913D93CF-FA1C-462C-AC8B-3429CBFB362E},13.24921032
424212,17021,1837575850,16221210,Christian County,Illinois,606,-4.478153143,7.52916E-06,-3,4,Persistent Hot Spot,100,0,249.7824599,8.673637773,19.96393357,13.14644526,3.08863809,12.00659057,-0.16,-0.31,-0.65,1722,28355,3349,24.28,10442,75.72,1715,12.3,12224,87.7,33820,32735,34822,0,491,117698,13939,125151,36,19.96393357,16.41852625,17.35303579,17.03461339,16.20653867,15.3496108,13.29865075,14.83871302,13.26092373,11.80814737,10.53435392,10.39097044,11.59615982,10.68178517,8.673637773,10.21333679,10.66611314,12.00659057,9.486818903,3121645009,258902.6782,{E66E5A4D-5DA4-4637-BB66-5FE37E879080},13.39045717
424213,17023,1298695036,8796711,Clark County,Illinois,607,-3.918384,8.91446E-05,-3,4,Persistent Hot Spot,100,0,255.8080351,9.764353542,18.82907233,13.46358079,2.584798934,13.22688092,-0.4,-0.29,-0.49,625,28991,1807,27.2,4837,72.8,757,11.18,6017,88.82,15907,15524,16332,0,438,0,6774,132117,25,18.82907233,15.91994158,15.95244702,16.35047479,16.22191382,15.13886051,14.20343316,16.15536888,14.3084003,12.43776479,11.16596056,10.35091306,11.80525931,11.82783054,10.08714391,10.67837839,11.38363769,13.22688092,9.764353542,2188432082,213988.7632,{5D669D54-C601-4D83-89A3-9AA3336DDF0A},13.63107097
424214,17025,1212815749,3271820,Clay County,Illinois,608,-4.268239714,1.97022E-05,-3,4,Persistent Hot Spot,100,0,257.5201749,9.511834788,20.34519461,13.55369342,3.202366222,12.01008738,-0.52,-0.3,-0.58,553,26654,1033,18.47,4561,81.53,858,15.22,4780,84.78,13437,13052,13800,0,336,209778,5638,123970,24,20.34519461,17.627641,17.50270059,16.49030978,16.04122321,16.4150119,14.34495631,16.85885627,13.74932486,11.52096901,10.70031772,10.04336778,11.54908661,11.40206513,9.604368552,10.50460682,11.29825261,12.01008738,9.511834788,2002592598,210001.6486,{4CFCD0ED-0691-4521-871B-367C4836325F},13.39369994
424215,17027,1227664369,75635324,Clinton County,Illinois,609,-4.268239714,1.97022E-05,-3,4,Persistent Hot Spot,100,0,254.874589,8.846188351,22.2083707,13.41445205,3.4995351,12.19820629,0.61,0.25,0.2,3394,30823,2814,19.67,11494,80.33,1312,9.25,12878,90.75,38654,39042,37795,0,592,0,14190,185523,27,22.2083707,16.49536624,17.87279521,17.12937221,16.27571001,15.92092675,13.53953661,16.31375188,13.13340807,11.61547084,10.48153961,9.99521676,11.34872948,10.9768311,8.846188351,10.41449924,10.93423019,12.19820629,9.174439463,2137438035,268727.5211,{4B218D28-1AB0-4BBB-B953-55B7B1A19392},13.37153182
424216,17029,1316459189,4631826,Coles County,Illinois,610,-4.198268571,2.68964E-05,-3,4,Persistent Hot Spot,100,0,250.1489885,9.275650288,19.79335259,13.16573624,2.904239308,12.30332371,0.13,-0.35,-0.41,5088,26064,8414,40.4,12415,59.6,4674,22.11,16465,77.89,52154,51092,53861,0,520,0,21139,142015,26,19.79335259,16.99277458,16.19747112,15.67854047,16.16365608,14.73063583,13.43323698,15.85693643,13.72514451,12.08200867,10.45325143,10.06206648,11.57499999,10.9150289,9.275650288,10.31083814,10.97254337,12.30332371,9.627528905,2222978573,202677.7445,{9DC88077-15D5-489C-A410-2C453F8F0CF5},12.80391308
1784766,17031,2447370818,1786313044,Cook County,Illinois,611,-4.058326286,4.94257E-05,-3,3,Intensifying Hot Spot,100,0,262.2569148,10.72645622,18.20464766,13.80299552,2.238303882,13.75772266,-0.34,0.06,-0.06,3055681,35375,887044,44.65,1099525,55.35,280841,14.33,1678619,85.67,5216817,5199885,5188513,0,952,0,1959459,342754,51,18.20464766,14.89613944,17.43853075,16.55082457,15.35847076,15.96964018,14.02586208,14.80850824,15.30644678,13.67503748,12.00439683,11.85779782,11.41367907,12.243292,10.72645622,10.85892523,11.91612175,13.75772266,11.2444153,4467928406,374397.3608,{46AF3D52-E491-4039-8797-65A90A73D1B0},14.25706474
424218,17033,1148953805,5718140,Crawford County,Illinois,612,-3.918384,8.91446E-05,-3,4,Persistent Hot Spot,100,0,258.4647205,9.735032871,19.27236843,13.60340634,2.746379329,12.64539474,-0.31,-0.33,-0.55,1824,27076,1824,24.05,5760,75.95,990,12.94,6663,87.06,19214,18691,19807,0,438,131355,7653,143963,24,19.27236843,16.31842104,16.41126644,16.67294407,15.92310858,15.71282895,14.8600329,16.8162829,13.9959704,12.09531252,11.19580591,10.24407895,12.05460527,12.16685856,10.19177632,10.57820727,11.57442436,12.64539474,9.735032871,1914694201,210962.523,{D0D75315-E087-42F9-BBBC-88A811759326},13.66305836
424219,17035,895929073,2529531,Cumberland County,Illinois,613,-4.338210857,1.43647E-05,-3,4,Persistent Hot Spot,100,0,262.0849682,9.985074627,20.34072495,13.79394569,2.934292899,13.06130064,-0.18,0.08,-0.25,354,27569,824,18.51,3628,81.49,554,12.82,3768,87.18,11125,10986,11045,0,381,117189,4322,131160,19,20.34072495,17.52750534,16.91524521,16.42942432,16.62281452,15.80149254,14.21652453,16.57142862,14.32846483,12.528145,11.45117273,10.55660982,12.05138592,11.51908313,9.985074627,10.76791044,11.34914714,13.06130064,10.06151384,1501238856,161664.7176,{C300E437-2E29-407B-B607-D0B3D761B84A},13.81900694
422190,17037,1635174009,8532272,DeKalb County,Illinois,614,-3.918384,8.91446E-05,-3,3,Intensifying Hot Spot,100,0,240.470214,9.544425712,17.3516892,12.65632705,2.171353853,12.32685811,1.69,0.06,-0.01,25614,29505,17160,43.78,22039,56.22,6139,16.28,31564,83.72,105718,105667,105253,0,776,0,37703,214266,34,17.3516892,13.58733109,15.58215091,15.11334459,14.41610361,15.42010136,12.48445944,13.74054055,13.76244369,12.12685811,11.78581079,11.22899775,10.06097973,10.47770269,9.544425712,10.19904279,11.02539414,12.32685811,10.23597974,2968608920,235212.8414,{0DF0CA7C-F58B-42F8-BD68-4965FEB7C970},13.05095229
426598,17039,1029654716,19515948,De Witt County,Illinois,615,-4.408182,1.04242E-05,-3,4,Persistent Hot Spot,100,0,244.9093808,8.890437158,20.18460838,12.88996741,2.986517288,12.09571949,-0.14,-0.2,-0.52,986,29744,1379,20.33,5403,79.67,661,9.92,6002,90.08,16262,15843,16570,0,430,135813,6663,158986,21,20.18460838,15.9827869,17.23934428,16.04754102,15.10136613,15.32577413,12.57440801,14.02094717,13.22295082,11.84007286,10.63615662,10.27850639,11.10564663,10.68624773,8.890437158,9.881420764,10.55400731,12.09571949,9.241438978,1799125685,185445.2494,{E81018D1-C980-4946-8631-2B5373018F19},13.12499208
424222,17041,1079156581,1448702,Douglas County,Illinois,616,-4.338210857,1.43647E-05,-3,4,Persistent Hot Spot,100,0,254.2397887,9.145862673,20.95871478,13.38104151,3.086042651,12.57570421,0.03,-0.1,-0.28,2141,27071,2257,29.29,5448,70.71,875,11.49,6743,88.51,19794,19523,19978,770,516,136523,7618,141460,20,20.95871478,17.34894365,16.66496481,16.10237676,16.08626761,15.14146127,13.48714787,15.89427819,13.76839788,12.18741197,10.38107395,10.44313379,11.66294014,11.05730634,9.145862673,10.34806334,11.13494721,12.57570421,9.850792243,1831361907,185143.7586,{9B062232-4D73-4F85-BAE1-06155B0FC987},13.6063261
422191,17043,848808625,22435476,DuPage County,Illinois,617,-4.058326286,4.94257E-05,-3,3,Intensifying Hot Spot,100,0,250.7116506,10.20474654,16.99492988,13.19535003,2.133077658,13.17162891,0.14,0.16,0.15,318898,44196,88525,25.84,254042,74.16,23693,6.93,318130,93.07,930613,937811,916740,0,1174,0,341823,385905,17,16.99492988,13.92006471,16.57702268,15.88155341,14.87389429,15.80787492,13.17162891,14.21747572,14.36979505,12.88478965,11.7204962,11.58392662,10.63937434,11.55523189,10.20474654,10.22502695,11.48133767,13.78025891,10.82222226,1571462129,166054.0354,{5D3F6DF7-8A55-421B-B199-031C61A744C5},13.09233312
424224,17045,1614558743,1583699,Edgar County,Illinois,618,-4.198268571,2.68964E-05,-3,4,Persistent Hot Spot,100,0,253.2829613,9.594418318,19.03055231,13.33068217,2.641638146,12.91515864,-0.59,-0.45,-0.77,639,26110,2154,28.28,5463,71.72,1119,14.74,6471,85.26,17816,17142,18584,0,415,0,7590,123403,32,19.03055231,16.09435957,15.84400707,16.01022328,16.2914219,14.99776733,13.97943595,15.67156289,14.19459459,12.55581669,10.90052879,10.34095182,11.91180962,11.51345475,9.612749708,10.48971798,11.33443007,12.91515864,9.594418318,2731821536,222807.2765,{AC95492F-B621-49D8-9EED-496CF71D5B87},13.37607799
424225,17047,576061989,781203,Edwards County,Illinois,619,-4.058326286,4.94257E-05,-3,4,Persistent Hot Spot,100,0,256.8534687,9.43468695,20.22301184,13.51860361,3.229981941,11.99576986,-0.36,-0.46,-0.63,242,23904,352,12.9,2377,87.1,322,11.6,2454,88.4,6440,6239,6726,526,359,106822,2776,121845,12,20.22301184,17.38307953,17.35702205,16.5093063,16.05279186,16.71844331,14.56531302,17.15431472,13.31759729,11.25583754,10.4321489,9.882910293,11.44399322,11.84923861,9.722335033,10.41844331,11.13722504,11.99576986,9.43468695,941098672,168205.0005,{D62B5AB8-2D50-4496-B85D-EC34CCC8E441},13.52026421
424226,17049,1239970330,3183217,Effingham County,Illinois,620,-4.128297428,3.65459E-05,-3,4,Persistent Hot Spot,100,0,260.156391,9.628721805,20.34015038,13.69244163,3.09366143,12.53729323,-0.01,0.27,-0.04,1626,31697,3426,24.6,10502,75.4,1631,12.03,11924,87.97,35105,35037,34253,0,478,185925,13555,189933,25,20.34015038,17.52721803,17.85097746,16.34736842,16.38616542,16.17225565,14.02473686,16.6388722,14.10789474,11.94969925,11.20766915,10.36308273,11.95270678,11.36172932,9.628721805,10.68609023,11.11917293,12.53729323,9.954586464,2064721082,186325.6628,{815B1CE4-59DE-4E54-A22D-EE2882118CEA},13.78432285
424227,17051,1855715976,22931323,Fayette County,Illinois,621,-4.268239714,1.97022E-05,-3,4,Persistent Hot Spot,100,0,254.1099354,9.302034596,20.35002544,13.37420712,3.116905633,12.57278739,0.15,-0.18,-0.37,1953,22559,1646,20.17,6514,79.83,1135,14.9,6481,85.1,21765,21364,22133,0,428,127878,7616,133662,38,20.35002544,16.57440206,17.46819335,16.55379134,16.30692113,15.68249366,13.43592874,16.37816794,13.51180662,11.68045801,10.71139368,10.06653104,11.49730417,11.05300102,9.302034596,10.53738555,10.8366226,12.57278739,9.59068702,3114993701,262413.3392,{42BB5ECA-8FD7-4CFD-948E-0C7C49B12F7E},13.33321394
424228,17053,1257690125,1640596,Ford County,Illinois,622,-4.128297428,3.65459E-05,-3,4,Persistent Hot Spot,100,0,249.6259778,9.230036882,20.021845,13.13820936,2.824888825,12.86856089,-0.11,-0.27,-0.69,967,27810,1668,29.89,3912,70.11,727,12.58,5052,87.42,13736,13268,14085,676,505,123597,5779,140964,24,20.021845,15.0389668,17.17904057,15.90952029,14.95040591,15.59047972,12.86856089,14.93439115,14.0901845,12.70546125,10.72516606,10.37852399,11.33328414,10.9291513,9.230036882,10.01210331,11.25055351,12.90125459,9.577047948,2186587582,292279.1195,{B62D44E0-EF42-44ED-BFA3-DA312123E06F},13.26692142
424229,17055,1059098605,58350789,Franklin County,Illinois,623,-3.778441714,0.000157813,-3,4,Persistent Hot Spot,100,0,245.1700623,8.955964936,20.60219298,12.90368749,3.146290406,11.76264216,0.14,0,-0.27,1907,22800,5414,32.49,11250,67.51,3159,19.58,12976,80.42,39557,39034,39584,0,452,0,16135,102424,20,20.60219298,15.14701754,17.28894739,15.18210526,15.75228071,16.13500003,13.29368422,15.70692984,12.1322807,11.53061402,9.997112872,9.613823278,10.35660542,11.41968502,9.052493435,10.29693791,10.94374452,11.76264216,8.955964936,1802124392,196242.5053,{90BA49BD-F07B-49B8-9202-7F949B2448BD},12.89590774
424230,17057,2242157116,43975590,Fulton County,Illinois,624,-4.128297428,3.65459E-05,-3,4,Persistent Hot Spot,100,0,230.4324315,8.216956192,16.53352626,12.12802271,2.489658381,11.47705663,-0.31,-0.2,-0.5,3234,23780,3507,24.62,10737,75.38,2132,15.13,11958,84.87,36401,35497,37032,0,469,110162,14090,124336,46,16.53352626,13.76143035,15.97565109,15.79367507,15.1169905,15.25312114,11.36114098,12.98660603,11.47705663,11.52137247,10.6163358,9.866335816,11.06559141,10.43527709,8.216956192,9.753225792,9.76712161,11.73085195,9.20016536,3954823641,263755.988,{06C99D0E-A8D6-4B43-B7BD-3D41AAC10F4C},12.27725541
424231,17059,836540182,13265237,Gallatin County,Illinois,625,-3.778441714,0.000157813,-3,4,Persistent Hot Spot,100,0,240.3624855,8.981300811,19.63530778,12.65065713,3.125169981,11.64576073,-1.41,-0.05,-0.54,215,24310,588,24.39,1823,75.61,465,20.1,1849,79.9,5562,5414,5587,497,264,103889,2314,97106,17,19.63530778,15.28153309,17.23995356,15.31196285,15.32508711,16.32195123,13.07375145,15.37746803,11.92055749,10.96016259,9.821254361,9.27340299,10.09941929,11.19256681,9.227409994,9.784320547,9.889314766,11.64576073,8.981300811,1362049334,176470.8947,{C481000C-EF2A-4283-A82D-0790AC2716EC},12.80820282
424232,17061,1406415355,8423898,Greene County,Illinois,626,-4.338210857,1.43647E-05,-3,4,Persistent Hot Spot,94.73684211,0,231.7186909,7.788663979,18.01012145,12.19572057,3.047355352,11.63353576,-0.61,-0.38,-0.69,537,23606,1271,23.43,4153,76.57,694,13.87,4311,86.13,13401,12945,13869,0,404,111192,5005,124434,30,18.01012145,14.65411606,16.95721996,17.08205126,14.54986506,14.8840081,12.35546558,13.84595142,12.17874493,11.12550609,9.882118748,9.147300927,10.86835357,9.723144414,7.788663979,9.247503377,9.442510124,11.63353576,8.34251011,2369630105,234155.1962,{69AC99F2-1EA7-46C4-886F-797F4F2838D5},12.35972239
424233,17063,1082842942,32125973,Grundy County,Illinois,627,-3.918384,8.91446E-05,-3,3,Intensifying Hot Spot,100,0,248.2810274,9.293206275,18.10878211,13.06742249,2.377843937,13.09817728,2.93,0.4,0.46,7481,33903,5548,28.81,13708,71.19,1753,9.04,17645,90.96,51934,53133,50149,0,793,214187,19398,237350,22,18.10878211,13.65120133,17.15782931,15.5708368,14.38881526,15.91922122,13.10339684,14.40944491,14.1104391,12.54913008,11.46503729,10.8874068,11.16197183,11.21532726,9.293206275,10.50173986,11.36628004,13.09817728,10.32278375,1976348997,180149.209,{F00EE931-C56E-4E64-BAEB-9FDB3529722A},13.45672084
424234,17065,1125696542,3172088,Hamilton County,Illinois,628,-3.988355143,6.6533E-05,-3,4,Persistent Hot Spot,100,0,248.6038331,9.127172048,20.29846678,13.08441227,3.196188712,11.56269165,-0.19,-0.34,-0.68,311,24285,901,26.52,2496,73.48,340,10.07,3036,89.93,8195,7922,8449,0,379,126044,3376,131080,21,20.29846678,16.16720617,17.48475297,15.80459969,15.72359456,16.55502557,13.5665247,16.15323682,12.36575809,11.43696763,10.07538329,9.63296422,10.55945484,11.38339011,9.376660988,10.32478706,11.00519592,11.56269165,9.127172048,1824950442,172755.3422,{A5D977FC-8587-4D9A-8893-D7D720F4D28F},13.14141186
424235,17067,2055722033,53564033,Hancock County,Illinois,629,-4.268239714,1.97022E-05,-3,6,Sporadic Hot Spot,89.47368421,0,210.3919355,7.599417572,15.57562725,11.07325976,2.225646539,10.38606631,-0.52,-0.42,-0.71,801,29781,1553,19.89,6253,80.11,809,10.9,6611,89.1,18378,17731,19087,0,424,106885,7420,119311,40,15.57562725,12.04493727,14.30219534,14.29480286,13.70506273,13.48239246,10.43933692,11.83615593,10.38606631,10.25358423,9.64663978,9.35990143,10.2203405,9.420340497,7.599417572,9.668458785,8.892338697,11.34345876,7.920878165,3641458766,253437.723,{2B62400D-705C-47A4-B8F0-FDE70323A896},11.06381987
424236,17069,459650851,10640803,Hardin County,Illinois,630,-3.708470571,0.000208515,-3,5,Diminishing Hot Spot,100,0,229.2627616,8.40083685,19.00585774,12.06646114,3.073033078,10.99142258,-1.05,-0.59,-1.1,239,22677,280,15.67,1507,84.33,260,18.08,1178,81.92,4088,3868,4312,0,263,94256,1438,96301,10,19.00585774,14.2246862,16.78410042,14.55753138,14.9046025,15.79372385,12.48389124,14.5621339,11.01255232,10.86004184,9.212343132,8.808577372,9.347280333,10.66799164,8.907322171,9.386610891,9.351255229,10.99142258,8.40083685,748866153.7,118382.7226,{D22C1FE6-BE7C-4D6A-B891-C6E287EE76BE},12.17337242
424237,17071,981059027,42557504,Henderson County,Illinois,631,-4.058326286,4.94257E-05,-3,4,Persistent Hot Spot,94.73684211,0,219.9374417,8.290382854,15.8739496,11.57565483,2.13038214,11.25583567,-1.13,-0.48,-0.8,288,26695,550,18.06,2496,81.94,220,7.36,2770,92.64,7014,6739,7332,0,418,115741,2990,124529,19,15.8739496,12.2977591,14.29449112,14.54855277,14.19000934,14.3162465,11.46134455,12.31279179,10.92324929,11.25583567,10.30028012,9.936507947,10.435014,9.962745107,8.290382854,9.944911301,9.301867408,11.6701214,8.621381895,1789044061,201589.9361,{4DFA3FD5-4B08-443A-8758-AE6C33D923C8},11.49650744
424238,17073,2131558653,6855644,Henry County,Illinois,632,-4.058326286,4.94257E-05,-3,3,Intensifying Hot Spot,100,0,235.0713725,9.217448541,16.47001317,12.3721775,2.177340785,12.32582202,-0.11,-0.17,-0.33,5002,30255,4042,19.99,16180,80.01,2477,12.37,17546,87.63,49720,48912,50486,0,497,145974,20023,164648,43,16.47001317,12.83288031,14.84173609,15.34699693,15.06400702,15.71266989,12.48391058,13.33410786,12.0181061,12.32582202,11.33967563,10.66922406,10.4868917,10.50771595,9.217448541,10.2179746,10.22801406,12.50837348,9.465804497,3798337963,249970.4447,{0D3479C6-C151-47A9-BE3E-10BF13E4C8EC},12.42564971
424239,17075,2894067723,4209399,Iroquois County,Illinois,633,-4.128297428,3.65459E-05,-3,4,Persistent Hot Spot,100,0,259.9042457,9.658719795,20.38621817,13.67917082,2.824122935,13.53510778,-0.53,-0.48,-0.75,3128,26980,2815,24.36,8740,75.64,1536,13.04,10243,86.96,28435,27386,29728,0,504,124219,11779,133739,57,20.38621817,15.74271719,17.68079685,16.57475507,15.39947748,15.99905292,13.64239059,15.47671458,14.6766166,13.3291966,11.09892227,10.84301111,11.81175702,11.76103853,9.658719795,10.39477468,11.7924559,13.53510778,10.10052255,5054819609,284883.5007,{79C15A4E-810A-4BE1-8E57-EBC1EE41CFBC},13.85527003
424240,17077,1512739198,47416092,Jackson County,Illinois,634,-3.918384,8.91446E-05,-3,4,Persistent Hot Spot,100,0,234.3061521,8.404582559,20.07715002,12.33190274,3.06654387,11.40364091,0.1,-0.21,-0.3,15691,22487,12822,51.06,12288,48.94,6288,26.5,17440,73.5,59068,58200,60231,0,553,0,23728,162216,31,20.07715002,14.19096046,16.87011931,14.61738858,15.14344007,14.92768362,12.75210295,14.83502825,11.5188324,11.40364091,9.586629002,8.942686747,10.02241055,10.83427497,8.558882641,9.980288766,10.35235405,11.28769619,8.404582559,2502086782,225744.0715,{B94234A1-B7A1-41BF-A7BB-688009CDBC2D},12.48714821
424241,17079,1281043664,9334509,Jasper County,Illinois,635,-4.338210857,1.43647E-05,-3,4,Persistent Hot Spot,100,0,260.6456557,9.874847571,19.75251527,13.7181924,2.931466575,12.5222561,-0.42,-0.06,-0.18,310,27789,662,16.67,3310,83.33,542,14.82,3114,85.18,9644,9558,9690,0,391,170548,3656,179532,24,19.75251527,17.54717987,17.00342989,16.57416161,16.06943598,16.15708843,14.53361281,16.85945123,14.03932928,12.22568598,11.18810977,10.31547257,12.13467989,11.68513719,9.978963422,10.6940549,11.49024392,12.5222561,9.874847571,2140166072,184507.2827,{C730D198-FEC6-4ACB-9D3A-0356BBE09555},13.71253472
424242,17081,1479418967,32683606,Jefferson County,Illinois,636,-4.128297428,3.65459E-05,-3,4,Persistent Hot Spot,100,0,250.2362708,9.055363985,20.86590039,13.17033004,3.284034023,12.06436782,-0.31,-0.13,-0.31,5946,27335,4433,28.96,10874,71.04,2524,16.58,12699,83.42,38380,37797,38821,0,475,0,15223,138684,32,20.86590039,16.38314179,17.58742019,16.1545977,15.82298851,16.04393361,13.6927203,16.30945083,12.67203066,11.35063856,10.20810983,9.738952714,10.62043421,11.27822478,9.278671779,10.13288634,10.97643678,12.06436782,9.055363985,2459114038,198455.8767,{0299CCE7-B9AE-4147-9859-A92C394EE234},13.18758616
424243,17083,956445338,20311971,Jersey County,Illinois,637,-4.198268571,2.68964E-05,-3,4,Persistent Hot Spot,100,0,232.6161516,8.035194443,18.23808574,12.24295535,2.972262933,11.79481557,0.59,-0.27,-0.66,1042,28297,1644,18.88,7062,81.12,876,10.11,7789,89.89,22414,21687,22994,0,485,0,8665,185776,21,18.23808574,14.43619143,17.24017949,16.6860419,14.5434696,14.55413758,12.19252244,14.02183448,12.19810567,11.12173478,9.933499505,9.204785616,10.64456631,9.955234311,8.035194443,9.429411779,9.717746761,11.79481557,8.668594227,1623448981,207756.621,{27C2912B-0943-4EA7-9B95-3EE7DBBB6052},12.54160003
424244,17085,1556339128,45776829,Jo Daviess County,Illinois,638,-3.988355143,6.6533E-05,-3,6,Sporadic Hot Spot,84.21052632,0,210.746962,8.875184552,13.66388416,11.09194537,1.507356719,11.24293017,0.17,0.29,0.18,1312,32032,2004,19.99,8019,80.01,848,8.69,8910,91.31,23284,23495,22663,0,485,0,9758,216922,32,13.66388416,11.43032368,12.59789891,13.04860874,13.29494605,13.43662692,11.27847814,11.82350938,11.26240772,10.54798409,10.57450314,9.934469065,9.295002849,9.749914821,8.991027815,9.959114137,9.740147641,11.24293017,8.875184552,2936617420,239417.3421,{65C8F299-4969-4964-ACBD-6E442110CC15},11.02611358
424245,17087,890762652,12789863,Johnson County,Illinois,639,-3.988355143,6.6533E-05,-3,4,Persistent Hot Spot,100,0,223.9079384,8.164498369,19.25104737,11.78462834,3.029410339,10.6154355,-0.23,0.28,-0.25,1909,22565,728,15.63,3929,84.37,500,11.52,3842,88.48,12913,12753,12594,0,458,0,4342,148689,18,19.25104737,13.75303196,16.49128997,13.70970231,14.47706726,14.99735392,12.37563395,14.12216097,11.00540244,10.6154355,9.10033077,8.54211693,9.593384795,10.21819184,8.429217215,9.226019861,9.336383692,10.49966927,8.164498369,1436534325,162921.1497,{1D551D99-0D34-456F-9315-0C0C46FB754C},11.76003729
424246,17089,1345134059,12490587,Kane County,Illinois,640,-3.918384,8.91446E-05,-3,3,Intensifying Hot Spot,100,0,248.2325851,10.11421767,17.52108844,13.0648729,2.117563522,12.73503402,2.46,0.65,0.68,241389,34156,44142,24.46,136312,75.54,16580,9.31,161470,90.69,546850,565598,516114,0,963,0,178050,291748,30,17.52108844,13.87217687,16.3709524,15.5244898,14.64455783,15.44687075,12.73503402,14.13462585,14.26612246,12.49496598,11.99850341,11.81972791,10.30517005,11.35149659,10.11421767,10.46809522,11.49108845,12.91727892,10.75612243,2455381864,210500.8547,{936B2B06-2A61-4607-80EB-8932B0FF587D},13.31040307
424247,17091,1752121058,12440760,Kankakee County,Illinois,641,-3.778441714,0.000157813,-3,4,Persistent Hot Spot,100,0,256.2895834,9.497756409,19.66255341,13.48892544,2.607562324,13.29321582,0.89,-0.2,-0.45,32173,27901,11558,28.24,29373,71.76,5800,14.48,34250,85.52,111325,108866,113552,0,707,0,40050,189247,38,19.66255341,15.14642096,17.28402775,16.09834402,14.72564103,16.11111113,13.46629275,14.87403847,14.84081198,12.88205128,11.40587605,10.98584403,11.49770298,11.74877137,9.497756409,10.45988249,11.84626067,13.29321582,10.46298079,3113832057,247670.0074,{57CAD7D2-A521-45B8-AAB6-5DD499923D67},13.85334387
424248,17093,829468028,5136619,Kendall County,Illinois,642,-3.988355143,6.6533E-05,-3,3,Intensifying Hot Spot,100,0,251.97287,9.845179369,17.63452916,13.26173,2.268087216,13.02286995,7.72,1.1,1.37,41034,36703,5642,13.42,36385,86.58,1944,4.81,38463,95.19,126916,135821,115376,0,1162,0,40407,245612,17,17.63452916,13.74854259,17.18139016,15.84237667,14.79921524,16.31087444,13.02286995,14.38015696,14.407287,12.88038117,11.91468611,11.6808296,10.80100897,11.4205157,9.845179369,10.54910313,11.5865471,13.22230941,10.74506724,1493268830,154504.9272,{6F17F495-B7D5-433F-B610-FF8FC02997F3},13.57859522
424249,17095,1855569287,8837382,Knox County,Illinois,643,-4.198268571,2.68964E-05,-3,4,Persistent Hot Spot,100,0,232.6282195,8.617806868,16.58335011,12.2435905,2.318089395,11.95809858,-0.54,-0.33,-0.61,9224,25208,7011,33.69,13801,66.31,3460,16.61,17370,83.39,51316,49780,52887,0,467,0,20830,126288,37,16.58335011,13.14683099,15.30020122,15.59250505,15.14522133,15.28883301,11.95809858,13.17671026,11.69502011,11.96453725,10.90211269,10.2688632,10.90191148,10.50845069,8.617806868,9.981388343,9.942152944,12.37349095,9.280734425,3269681462,230225.3563,{54E19053-0BA8-43AF-A17F-197BE755CE92},12.24509028
1784796,17097,1149803084,2394144252,Lake County,Illinois,644,-3.988355143,6.6533E-05,-3,3,Intensifying Hot Spot,100,0,248.5533159,10.23451851,17.71612427,13.08175347,2.139657743,13.39534022,0.88,0.05,-0.05,280893,44297,65524,26.65,180305,73.35,20157,8.24,224504,91.76,706890,705248,703959,0,1016,0,244661,400072,21,17.71612427,13.84245562,16.21309172,15.70473373,14.80613905,14.97573964,13.82921598,13.95606508,14.04593196,13.39534022,11.55355557,11.55125926,10.23451851,11.59251852,10.57081481,10.29096297,11.10096296,12.54696298,10.62692309,2229880165,198349.8694,{49E41624-927A-458E-B701-843821B73723},13.1356444
422247,17099,2940116335,33701591,LaSalle County,Illinois,645,-4.128297428,3.65459E-05,-3,4,Persistent Hot Spot,100,0,238.9011908,9.016139147,17.2497963,12.57374689,2.362547009,12.3747728,0.21,-0.2,-0.52,17659,31705,14042,31.45,30603,68.55,5587,12.51,39057,87.49,111844,108974,113905,0,595,0,44644,169760,59,17.2497963,13.28962707,16.44910688,15.38831087,14.56809779,15.52930115,12.3747728,13.82250079,13.43152616,11.97123158,11.39204011,10.76449389,10.63343779,10.3894077,9.016139147,9.931338129,10.78815419,12.3797869,9.532121588,5280788214,335278.2795,{E105232D-2CCC-42EA-8BA8-D6D4AEE95968},12.97380753
424252,17101,963936864,5077783,Lawrence County,Illinois,646,-3.988355143,6.6533E-05,-3,4,Persistent Hot Spot,100,0,258.1002004,9.416432852,19.89328656,13.58422108,3.018778524,12.08557116,0.86,-0.34,-0.6,2662,22015,1589,26.93,4311,73.07,838,13.64,5306,86.36,16308,15825,16808,0,414,98159,6144,119230,18,19.89328656,17.0216433,16.41002004,16.51953908,16.29569139,16.39839681,15.13987974,17.03657316,13.53937875,11.65651302,10.89268537,10.09869739,11.7219439,12.08557116,10.07655311,10.51402807,11.35511022,12.02825651,9.416432852,1594207902,172614.2944,{22A4C177-C649-4E84-A23F-40960D48BBB8},13.48461738
424253,17103,1877336056,10634483,Lee County,Illinois,647,-3.918384,8.91446E-05,-3,3,Intensifying Hot Spot,100,0,233.8552321,9.26283316,16.43538995,12.30817011,2.137691993,12.13667326,-0.01,-0.2,-0.59,4387,31886,3510,25.78,10104,74.22,1694,12.37,12005,87.63,35361,34335,36176,0,547,0,13699,164420,39,16.43538995,13.09338599,14.91288253,14.97759132,14.54856861,15.47230998,12.13667326,13.46757157,13.03795656,11.60932872,11.47620928,10.80997039,9.940473827,10.15454097,9.26283316,9.662043434,10.61692994,12.28193485,9.958637713,3394194434,256075.4466,{76789189-724C-4F41-88ED-CB72F1A421A8},12.5179638
424254,17105,2702980759,5975818,Livingston County,Illinois,648,-4.058326286,4.94257E-05,-3,4,Persistent Hot Spot,100,0,245.6749306,9.053194453,19.22732638,12.93025951,2.682743714,12.5759375,-0.19,-0.42,-0.58,4352,28677,4128,28.57,10322,71.43,1881,13.14,12439,86.86,37459,36393,38931,0,551,0,14320,151824,52,19.22732638,14.39357639,17.20434027,15.66461806,14.80791668,15.53236114,12.49559029,14.33586805,13.72590278,12.5759375,10.78895833,10.46236111,11.24256945,10.7404861,9.053194453,10.24958334,11.11038195,12.60215278,9.461805555,4745063142,298504.2491,{47F95156-DD59-4AF0-87F2-823B7855A8D3},12.91254433
424255,17107,1600795502,2252736,Logan County,Illinois,649,-4.478153143,7.52916E-06,-3,4,Persistent Hot Spot,100,0,244.4893007,8.574058588,19.6495517,12.86785793,2.950107155,11.95517037,-0.29,-0.18,-0.39,4342,28470,3261,29.57,7766,70.43,878,8.08,9994,91.92,29815,29244,30318,0,507,127208,10872,144057,30,19.6495517,15.70286911,17.45289899,16.46670651,15.73753736,15.30161387,12.61153616,13.40854751,12.58087269,11.58033473,10.72044232,10.45809923,11.44698144,10.73227735,8.574058588,10.21010161,10.55786016,11.95517037,9.341841008,2744911725,219825.7554,{0BDC85FC-1509-4033-B5B4-23F71FE51C71},12.91730913
1784729,17109,1526558588,2012555,McDonough County,Illinois,650,-4.198268571,2.68964E-05,-3,4,Persistent Hot Spot,94.73684211,0,218.7217767,7.923072195,16.13411474,11.51167246,2.354891888,10.84916717,-0.09,-0.34,-0.7,3942,25937,4489,36.36,7858,63.64,2325,20.59,8967,79.41,31598,30507,32596,0,506,0,11292,130840,31,16.13411474,12.71431215,14.9178285,14.91554596,14.09222703,14.37735964,10.59975325,12.46890809,11.07267119,10.84916717,10.15835903,9.53917332,10.51542258,9.783652064,7.923072195,9.57809992,9.134484893,11.61906232,8.328562611,2642994451,205759.4275,{C4AF3BE6-58F1-4E7A-A49E-064A9F39FCAA},11.81091232
1784815,17111,1562818741,19869602,McHenry County,Illinois,651,-4.128297428,3.65459E-05,-3,3,Intensifying Hot Spot,100,0,232.7734097,9.498223489,16.45329514,12.25123209,1.8985429,12.44045845,1.73,0.21,0.46,62927,38720,22435,19.91,90266,80.09,7330,6.56,104482,93.44,314718,322057,308910,0,1012,0,111812,267889,30,16.45329514,13.4738682,14.63782236,14.09421203,13.80733525,14.07455587,12.52206303,13.2914613,13.43002865,11.66550143,11.20051575,11.06859599,9.498223489,10.73547278,9.73759312,9.956217751,10.74544412,12.44045845,9.940744978,2897214543,215648.5967,{83D3CAD1-99D5-4938-8620-4C1AB812BB44},12.62637103
1784833,17113,3064559693,7853695,McLean County,Illinois,652,-4.198268571,2.68964E-05,-3,4,Persistent Hot Spot,100,0,241.2953856,8.764784475,19.4901943,12.69975714,2.838013653,12.1721008,1.2,0.13,-0.01,35979,34426,24615,37.23,41503,62.77,9826,14.85,56333,85.15,171629,171510,169689,0,710,0,66159,214531,61,19.4901943,14.92765635,17.17161505,15.56481481,14.97015786,15.38217973,12.21393443,13.7365513,13.19802672,11.85330904,10.51350941,10.16226473,10.94957499,10.44659987,8.764784475,9.955798427,10.59083183,12.1721008,9.231481469,5317856965,317777.7961,{5A4DCDAB-D0BF-46FA-8551-460E4894E4A7},13.19945228
424256,17115,1503684098,13406667,Macon County,Illinois,653,-4.618095428,3.87278E-06,-3,4,Persistent Hot Spot,100,0,246.2615337,8.772972981,20.64110623,12.96113335,3.06848995,11.92143306,-0.35,-0.43,-0.65,26049,30193,10638,23.87,33936,76.13,6851,15.53,37262,84.47,106433,103034,110735,0,523,0,44113,152049,29,20.64110623,16.24236331,16.82985546,16.22206162,15.55009429,15.14016343,12.79842866,14.55681962,13.23689503,11.92143306,10.56247643,10.35832811,11.1788812,10.75348837,8.772972981,9.873978627,10.56008803,11.78447518,9.277624131,2577837452,221304.5668,{356B31B6-D83A-48E5-AE62-4222C51A5DCE},13.36486488
424257,17117,2234952036,12252472,Macoupin County,Illinois,654,-4.408182,1.04242E-05,-3,4,Persistent Hot Spot,100,0,243.4282052,8.309359,19.76393161,12.8120108,3.219853363,11.93572652,-0.26,-0.15,-0.49,2017,26884,4721,24.65,14430,75.35,2328,12.4,16444,87.6,47104,45952,47801,0,495,137498,18772,151060,46,19.76393161,15.88384617,17.49662394,17.41247861,15.60418804,15.36764959,12.67559829,14.47547008,12.71081196,11.40166666,10.20397436,9.786324771,11.22213676,10.2875641,8.309359,9.801196579,10.12833336,11.93572652,8.961324778,3753592439,251159.8384,{23BE1CCC-FDC0-4A33-A5C0-8FFCB7CF78EB},12.93964634
424258,17119,1854559319,63450780,Madison County,Illinois,655,-4.198268571,2.68964E-05,-3,4,Persistent Hot Spot,100,0,247.1252156,8.638964987,19.87118212,13.00659029,3.16112867,12.13937088,0.39,0.03,-0.11,42327,29974,34276,31.48,74622,68.52,14211,13.23,93202,86.77,270050,268508,269395,0,627,0,107413,186972,37,19.87118212,15.68026383,17.72064941,17.27848806,15.86590564,15.31968545,12.96423136,15.32973111,12.82293252,11.53110096,10.27899544,9.824758972,11.17316084,10.58117707,8.638964987,10.28797564,10.52399798,12.13937088,9.292643318,3165146855,254288.6061,{C46FF608-54EF-44F8-A680-469E97825A31},13.06761236
424259,17121,1482641176,9301714,Marion County,Illinois,656,-4.268239714,1.97022E-05,-3,4,Persistent Hot Spot,100,0,253.5251647,9.359617919,20.85994731,13.34342972,3.279187875,12.25237154,-0.55,-0.31,-0.54,3616,25828,4105,25.84,11783,74.16,2522,15.85,13391,84.15,38327,37311,39424,0,454,0,15913,111063,29,20.85994731,16.82674571,17.50250328,16.59499341,15.94835309,16.12200264,13.90862977,16.54650857,13.17259554,11.41403162,10.39538864,9.872727289,11.03952569,11.18445322,9.36245059,10.36462451,10.79769434,12.25237154,9.359617919,2449743251,199180.2055,{9135C3F2-C688-4DC9-82D3-6CF16EFD9FB9},13.30677643
424260,17123,1001866831,30364348,Marshall County,Illinois,657,-4.408182,1.04242E-05,-3,4,Persistent Hot Spot,100,0,234.5378746,8.762851959,17.70663033,12.34409866,2.514878724,11.94641236,-0.4,-0.38,-0.76,677,30402,874,17.34,4165,82.66,576,11.77,4317,88.23,12206,11751,12629,0,493,124979,4893,150048,20,17.70663033,13.59791098,16.36276113,15.37438692,14.95640328,15.14913716,12.01008175,13.27266121,12.62652135,11.46766576,10.85313348,10.28792007,10.68083561,10.48864665,8.762851959,9.665667562,10.30072661,11.94641236,9.027520457,1815779162,206594.5517,{7506D7F0-88F7-4B5D-9AC9-9ECD6144F0EC},12.36433013
424261,17125,1396795583,62748510,Mason County,Illinois,658,-4.408182,1.04242E-05,-3,4,Persistent Hot Spot,100,0,231.2360466,8.042377319,17.91136952,12.17031824,2.731822531,11.55012919,-0.89,-0.91,-1.13,496,26281,1471,26.04,4178,73.96,849,14.09,5178,85.91,13475,12733,14663,0,441,102000,6027,107246,29,17.91136952,14.20613695,16.6781654,15.70400517,14.96692507,15.051615,11.69379845,12.76705425,11.75226098,11.08856588,10.34844962,9.815310064,11.12932817,10.14102066,8.042377319,9.755361774,9.653230002,11.55012919,8.980943164,2507609495,326864.3133,{FBE5D8EE-2D15-4F39-AEB2-0AA7ECB3CC87},12.3336795
1784730,17127,614391204,11903726,Massac County,Illinois,659,-3.918384,8.91446E-05,-3,4,Persistent Hot Spot,100,0,231.3645373,8.626012473,19.61853583,12.17708091,3.0925157,11.36090343,0.18,-0.48,-0.83,1846,25177,2032,33.53,4029,66.47,1137,18.92,4874,81.08,14753,14148,15431,0,452,101735,6011,109779,14,19.61853583,14.41604362,16.96931465,14.13769471,14.7995327,15.73862928,12.67725856,14.38193148,11.36090343,10.90576325,9.360530443,8.669422799,9.767238691,10.6970359,8.740873636,9.551482007,9.423556974,11.52277691,8.626012473,989422852.3,145435.4656,{D54FA6DE-F9ED-4D48-AF5E-4B811D93163B},12.25005881
424266,17129,814394259,2640418,Menard County,Illinois,660,-4.478153143,7.52916E-06,-3,4,Persistent Hot Spot,100,0,240.0281658,8.346508875,18.33053252,12.63306136,2.855578419,11.95976335,0.17,-0.09,-0.39,607,34350,1437,27.84,3725,72.16,431,8.29,4767,91.71,12602,12359,12693,0,526,158626,5198,195550,17,18.33053252,15.12603549,17.41621305,16.69798819,15.73467456,14.83384615,12.39680474,13.42177513,12.32437872,11.44295857,10.47881657,10.21029586,11.42994084,10.25763314,8.346508875,10.29822486,10.23242605,11.95976335,9.089349118,1395054043,197119.4482,{1936E25F-A559-4EE6-9581-42421BC96501},12.59762211
1784750,17131,1453497670,19409929,Mercer County,Illinois,661,-4.128297428,3.65459E-05,-3,4,Persistent Hot Spot,100,0,228.4184128,8.81980955,15.68425397,12.02202173,2.076045351,12.18761903,-0.31,-0.42,-0.7,813,29309,1463,22.49,5042,77.51,746,11.26,5878,88.74,15806,15258,16442,0,478,129657,6624,146113,32,15.68425397,12.50311111,14.38228571,14.69250793,15.01301587,14.97301588,12.4680635,12.98222223,11.10806351,12.18761903,10.91568255,10.47473014,10.34133334,10.19358732,8.81980955,10.37003178,9.802476209,12.33295235,9.173650793,2604493164,215887.2198,{FF3B9A29-7E9A-400C-A93B-F35F4841E2E8},12.11782221
1784865,17133,997908512,33784324,Monroe County,Illinois,662,-3.778441714,0.000157813,-3,4,Persistent Hot Spot,100,0,224.7122385,7.990934879,18.05661627,11.82695992,2.686137208,11.34778093,1.78,0.72,0.7,1319,39125,2391,17.56,11225,82.44,839,6.29,12510,93.71,35223,36478,33015,0,679,228014,13349,249577,19,18.05661627,13.05085066,15.96493383,14.96559547,14.48185256,13.81729677,11.56228732,13.84073725,11.8310964,10.79536861,9.565816805,9.026062319,9.976487275,10.25901795,7.990934879,9.593862124,10.29178472,11.34778093,8.293856337,1676821742,196624.885,{5F63C91B-F9AB-45EB-8339-A57150CB11AA},12.02709044
1784866,17135,1822450014,15512963,Montgomery County,Illinois,663,-4.268239714,1.97022E-05,-3,4,Persistent Hot Spot,100,0,248.7129659,8.774330705,20.21338582,13.0901561,3.174976595,12.15301839,-0.18,-0.39,-0.67,2097,25043,2396,21.19,8911,78.81,1598,14.09,9741,85.91,29030,28070,30104,0,431,114997,11339,126588,39,20.21338582,16.22456693,17.51706036,16.99947507,16.03711287,15.49800527,13.05317585,15.20446194,13.08440945,11.45223096,10.30913387,10.04314957,11.58330708,10.61112863,8.774330705,10.21999999,10.36713912,12.15301839,9.367874019,3067408546,275999.7888,{0EF2D7B0-B9B3-4D93-A96F-261834D5191B},13.06450163
424270,17137,1473180230,9059958,Morgan County,Illinois,664,-4.478153143,7.52916E-06,-3,4,Persistent Hot Spot,100,0,235.9934406,8.026786885,18.06505792,12.4207074,2.917585698,11.78132647,-0.3,-0.38,-0.46,4010,28183,4287,31.11,9494,68.89,1970,14.21,11894,85.79,34302,33522,35516,712,529,0,13864,143822,26,18.06505792,15.07007723,16.8623552,17.12220076,14.97232948,14.97522523,12.30920207,13.48552124,12.22168598,11.42696269,10.19845458,9.740759778,11.34140373,9.981390873,8.026786885,9.686155831,9.950354158,11.78132647,8.776190483,2508148125,246856.4496,{3D99B391-05D9-4105-BAE8-2E80EF636651},12.79149206
1784885,17139,870123798,22102741,Moultrie County,Illinois,665,-4.338210857,1.43647E-05,-3,4,Persistent Hot Spot,100,0,251.7505365,9.100429169,21.11469958,13.25002824,3.171833249,12.25375535,0.38,0.06,-0.23,559,27072,1547,26.45,4301,73.55,524,8.87,5386,91.13,14930,14758,14850,816,522,131365,5910,143815,17,21.11469958,17.20708153,16.80826181,15.78723173,16.19034339,15.01201716,13.1919528,15.85933476,13.76469958,12.13433476,10.48283262,10.21952791,11.38937769,10.91276824,9.100429169,10.20815453,10.70697427,12.25375535,9.406759656,1506553928,174907.1502,{55485A08-8EDE-4B5A-BDF6-96EFA3C606DD},13.45263821
1784894,17141,1964742119,11425028,Ogle County,Illinois,666,-3.708470571,0.000208515,-3,3,Intensifying Hot Spot,100,0,229.1053389,9.221402053,16.10246054,12.05817573,1.905499305,12.15747447,0.47,-0.22,-0.59,7357,31643,5021,24.28,15662,75.72,1987,9.51,18914,90.49,52420,50896,53521,0,574,0,20901,179481,39,16.10246054,12.62219128,14.1363974,14.37200558,13.93732592,14.66346332,12.15747447,13.08941503,12.61346333,11.27386257,11.36736304,10.74354685,9.587558044,10.17381614,9.221402053,10.0029248,10.39466111,12.40584959,10.24015786,3585640605,267495.1619,{1D62BE82-ACAE-49D3-A22E-EB26ACB02CF4},12.2566815
1784920,17143,1602352656,30706564,Peoria County,Illinois,667,-4.408182,1.04242E-05,-3,4,Persistent Hot Spot,100,0,235.1338362,8.624913314,17.52736721,12.37546506,2.541776117,11.82075146,0.17,-0.23,-0.42,56641,32098,25644,34.56,48556,65.44,11167,15.17,62462,84.83,182638,178844,186751,0,626,0,73629,195977,31,17.52736721,13.80981524,16.47066977,15.61385683,15.24774827,15.41327946,11.96720554,13.07257506,12.11420324,11.721709,10.84907517,10.2152023,10.90086708,10.5850867,8.624913314,9.943121379,10.06300578,11.82075146,9.173383364,2851644435,237735.8594,{9CC15FC4-E7BB-4BA3-A750-468BF6B3753A},12.93080729
1784940,17145,1144157907,13416186,Perry County,Illinois,668,-3.848412857,0.000118886,-3,4,Persistent Hot Spot,100,0,243.5128596,8.856937397,20.7867174,12.8164663,3.190899677,11.66641287,-0.33,-0.3,-0.57,3133,20612,2243,27.56,5896,72.44,1495,17.96,6828,82.04,21736,21126,22360,0,387,118279,8323,120972,23,20.7867174,15.05812182,17.29407786,15.72554994,15.44204738,15.49602371,13.08976311,15.57563454,12.33307953,11.66641287,9.927834184,9.440524533,10.36996616,11.2137056,8.856937397,10.15626058,10.58705582,11.63341792,8.85972928,1871464507,195004.6445,{D2A62AFD-94F9-41AC-B9C4-0DA0BB144502},12.85785395
424275,17147,1137399517,755574,Piatt County,Illinois,669,-4.478153143,7.52916E-06,-3,4,Persistent Hot Spot,100,0,247.4638574,9.039951393,21.05048623,13.02441355,3.091472387,12.20243111,0.22,0.2,-0.1,677,35372,1307,18.74,5667,81.26,371,5.54,6329,94.46,17036,16951,16740,0,599,0,6700,186351,22,21.05048623,16.25761751,16.77447323,15.97447325,15.44254458,15.04821718,12.67277147,14.99854134,13.54894651,12.01069692,10.35623985,10.21110211,11.18217182,10.7345219,9.039951393,9.949675873,10.62341978,12.20243111,9.38557534,1942405111,197126.4912,{8B34302F-828C-4DE7-9686-9FA899C83F53},13.25875568
1784941,17149,2153325386,45283711,Pike County,Illinois,670,-4.338210857,1.43647E-05,-3,6,Sporadic Hot Spot,89.47368421,0,217.9020762,7.460034598,16.61284602,11.46853033,2.774065461,11.08525088,-0.56,-0.18,-0.42,769,24022,1628,24.72,4958,75.28,957,14.66,5570,85.34,16151,15814,16388,0,387,104300,6527,126235,45,16.61284602,13.08114187,16.10484432,16.03806228,13.94463667,13.93806228,11.26323529,12.8865917,11.3000865,10.40458478,9.457396204,8.690354663,10.6601211,9.239576123,7.460034598,9.020458497,8.792560556,11.08525088,7.922231868,3710414040,283231.8206,{23D380BE-4AE6-4CDB-8AE0-58943088929D},11.56881252
424277,17151,955109665,14328524,Pope County,Illinois,671,-4.058326286,4.94257E-05,-3,4,Persistent Hot Spot,100,0,223.2419345,8.201913433,18.89385699,11.7495755,3.021475336,10.69899499,0.13,-0.48,-0.52,471,23800,194,10.94,1580,89.06,248,15.09,1396,84.91,4274,4163,4470,0,260,131100,1644,142326,20,18.89385699,14.20261833,16.39738172,13.8405841,14.38429004,15.28358511,12.21923464,13.86253777,10.85971801,10.51661631,9.017085454,8.568542733,9.3158794,10.24532665,8.422412066,9.222110559,9.089246225,10.69899499,8.201913433,1539378653,206519.4676,{05086458-3177-4D60-A7B6-E7151E402F2D},11.76460303
1784966,17153,515887463,10473575,Pulaski County,Illinois,672,-3.778441714,0.000157813,-3,4,Persistent Hot Spot,100,0,231.6812977,8.55973281,19.33091601,12.19375251,3.036037042,11.38702292,-1.75,-0.3,-0.83,2152,21085,624,24.29,1945,75.71,431,19.83,1742,80.17,5992,5746,6160,0,324,108966,2173,100334,10,19.33091601,13.99351145,17.23244278,14.21793892,15.16679389,15.26354962,12.69236643,14.33587787,11.38702292,11.19637406,9.343320635,8.605343535,10.04522901,10.65248094,8.69923662,9.700381668,9.580343489,11.6784351,8.55973281,831631925,179517.2886,{3912B669-D070-4F0A-994C-716EDBCFD7AF},12.20669343
424279,17155,414659150,31195045,Putnam County,Illinois,673,-4.408182,1.04242E-05,-3,4,Persistent Hot Spot,100,0,235.1361274,8.934433002,17.25123458,12.37558565,2.439677663,11.96728396,-0.13,-0.16,-0.49,507,37372,423,16.93,2075,83.07,187,7.81,2208,92.19,5917,5773,6012,0,517,160705,2395,173361,9,17.25123458,13.60761319,16.13106998,15.61337446,14.94279833,15.18518523,11.96728396,13.49485595,12.62716049,11.49218107,10.94329895,10.43546393,10.69876286,10.66762885,8.934433002,9.657731922,10.37298971,12.14762886,8.965432101,788368012.2,131567.1081,{91E0C8D0-0491-46AF-BA81-671BE3618781},12.45724332
1784967,17157,1490060417,56152454,Randolph County,Illinois,674,-3.918384,8.91446E-05,-3,4,Persistent Hot Spot,100,0,231.7766104,8.204190144,19.59268294,12.19876897,2.996114956,11.29912444,-0.12,-0.2,-0.42,5286,22235,3333,27.82,8646,72.18,1403,11.82,10470,88.18,32870,32183,33461,0,473,137779,11873,143876,31,19.59268294,13.86366479,16.61963727,15.10900564,14.95797375,14.53927453,12.21550969,14.63489681,11.79237024,11.25128206,9.609693563,9.070919317,10.03258286,10.58655409,8.204190144,9.751282048,10.30737961,11.29912444,8.338586612,2497641752,244374.0928,{EDF2781F-245B-4A31-B771-0674E398253E},12.33494546
424281,17159,932537547,4874777,Richland County,Illinois,675,-3.988355143,6.6533E-05,-3,4,Persistent Hot Spot,100,0,259.8470164,9.625823018,19.76255144,13.67615876,3.086490178,12.16532922,0.05,-0.05,-0.24,900,26972,2388,35.75,4292,64.25,1005,15.5,5477,84.5,16153,15964,16231,0,431,124662,6482,141577,18,19.76255144,17.33858022,17.08569958,17.18055557,16.24269549,16.53580251,14.88518518,17.10524689,13.64176953,11.71944443,10.62530865,10.11316869,11.74022634,11.80637862,9.963271601,10.71265432,11.5973251,12.16532922,9.625823018,1541890855,180670.027,{798DB491-7F46-44C4-A2D6-8A9C1376E9ED},13.70352682
424282,17161,1106960127,61870420,Rock Island County,Illinois,676,-3.988355143,6.6533E-05,-3,3,Intensifying Hot Spot,100,0,231.9844569,9.242585229,15.72862809,12.20970826,2.015871004,12.41126089,-0.12,-0.21,-0.4,42929,28717,21309,35.29,39076,64.71,8415,13.96,51879,86.04,144743,141840,147503,0,606,0,60294,166517,21,15.72862809,12.61562252,14.27850914,14.73425854,14.81950834,15.55765266,12.75313244,13.14123711,11.47311658,12.41126089,11.40935766,10.68810469,10.31245046,10.29762096,9.242585229,10.43441711,10.09175259,12.52291831,9.472323559,2083378319,312998.4543,{CB9775B5-30E5-431E-8A75-6C8D7AE41686},12.52238806
1784987,17163,1703509128,42001352,St. Clair County,Illinois,677,-3.988355143,6.6533E-05,-3,4,Persistent Hot Spot,100,0,243.6336998,8.567509644,20.10582739,12.82282631,3.138058987,11.99411764,0.53,-0.16,-0.37,103410,29005,36582,35.16,67472,64.84,16604,16.11,86459,83.89,266198,261295,270085,0,631,0,103063,183585,34,20.10582739,15.17036834,17.42149532,16.50412315,15.84365037,14.96855415,12.73666849,15.23683344,12.69312809,11.49928532,10.0699835,9.572237466,10.72237493,10.67839472,8.567509644,10.17185267,10.7680044,11.99411764,8.909290802,2851957817,235988.3261,{55294B18-2BAF-409E-95EE-6F7782EF61FE},13.00551417
424283,17165,983905217,18001305,Saline County,Illinois,678,-4.058326286,4.94257E-05,-3,4,Persistent Hot Spot,100,0,239.9682811,8.941785376,19.85346631,12.62990953,3.120272848,11.36106362,-0.7,-0.32,-0.58,2152,23645,2718,26.82,7418,73.18,2256,22.56,7746,77.44,24189,23491,24910,0,395,104314,10002,108452,20,19.85346631,15.29591644,17.1776828,15.06419752,15.33893638,16.32421651,13.07473884,15.02554607,11.92260208,11.19192783,9.895536564,9.283475802,10.05375119,11.15716999,9.061158586,9.819943025,10.12516617,11.36106362,8.941785376,1605421431,160899.5755,{C3E7385D-BA61-49B5-8523-1BF9D458AA47},12.80256247
1785010,17167,2248877362,22577724,Sangamon County,Illinois,679,-4.548124286,5.41262E-06,-3,4,Persistent Hot Spot,100,0,243.6208801,8.37069325,19.18430885,12.82215158,3.029784987,11.78476547,0.44,0.06,-0.09,40344,35611,22153,26.43,61659,73.57,11479,13.72,72182,86.28,198600,197691,197758,0,631,0,83661,186452,47,19.18430885,15.9792445,17.23383145,17.30585308,15.91374014,14.92880864,12.74968867,13.76280614,12.5852636,11.60996264,10.49061851,10.24084682,11.47318389,10.43856374,8.37069325,10.13013698,10.42478209,11.78476547,9.013781648,3848327113,309187.9267,{DB152961-1764-485D-8007-D5F18F714099},13.03741442
1785037,17169,1132511778,10511618,Schuyler County,Illinois,680,-4.198268571,2.68964E-05,-3,4,Persistent Hot Spot,94.73684211,0,221.1094651,7.818847768,17.02156378,11.63734027,2.622635885,10.86543209,0.48,-0.68,-0.93,482,25118,554,19.3,2317,80.7,276,9.73,2560,90.27,7082,6758,7538,0,455,108363,2836,113962,22,17.02156378,13.26304526,15.71942388,15.27884773,14.43489711,14.56090535,10.84880658,12.27456791,11.41909464,10.86543209,10.09522635,9.119588454,10.68082304,9.630534985,7.818847768,9.383539097,9.203539103,11.27547326,8.215308673,1959114302,244190.3136,{54D118AB-FEBF-493F-BE13-0ED78AD14E14},11.98834098
424286,17171,649861225,4812707,Scott County,Illinois,681,-4.338210857,1.43647E-05,-3,4,Persistent Hot Spot,100,0,229.8867436,7.766570645,17.59956772,12.09930229,2.915010427,11.35922189,-0.33,-0.27,-0.57,138,29239,505,23.1,1681,76.9,227,11.59,1732,88.41,5224,5076,5349,571,330,112870,1959,136972,14,17.59956772,14.42896253,16.42593661,17.0302594,14.44783861,14.89596542,12.25533141,13.36642651,11.96397696,11.16772334,9.852161355,9.353602292,11.04798274,9.75806918,7.766570645,9.173198868,9.532997105,11.35922189,8.460951023,1105521168,145716.4516,{56D95207-99F1-44A5-9A89-46FB7B9F985F},12.20891566
1785051,17173,1964543080,24746071,Shelby County,Illinois,682,-4.198268571,2.68964E-05,-3,4,Persistent Hot Spot,100,0,252.6114787,9.168579772,20.47558364,13.29534098,3.103207705,12.17879377,-0.23,-0.14,-0.4,676,26118,1585,17.17,7647,82.83,1156,12.56,8047,87.44,22080,21641,22369,0,410,124790,9203,125441,40,20.47558364,17.05583659,17.15992218,16.10758756,16.36556421,15.3553502,13.3774319,15.81434827,13.58200389,11.97694554,10.7340953,10.10034048,11.57213035,10.81318094,9.168579772,10.33234435,10.82213037,12.17879377,9.619309341,3335059159,275241.7208,{002735BC-7BDF-416A-AFAE-828B6A78A8F2},13.47927047
424288,17175,745984521,708705,Stark County,Illinois,683,-4.198268571,2.68964E-05,-3,4,Persistent Hot Spot,100,0,233.0970075,8.719077295,17.44114714,12.26826355,2.412994101,12.04164589,-0.55,0.12,-0.48,293,28218,533,21.54,1941,78.46,345,15.04,1949,84.96,6061,5918,5992,0,425,108203,2294,116461,16,17.44114714,12.97356607,15.59064842,15.53129678,14.84688281,15.3361596,12.04164589,13.1776808,12.14027432,11.59962596,10.91134662,10.25536157,10.5701995,10.75960101,8.719077295,9.69912717,10.09513714,12.19039898,9.217830411,1315884891,153980.4706,{652EE4B2-924E-4009-BA3E-A778306A83B3},12.31437685
1785076,17177,1462219648,1350223,Stephenson County,Illinois,684,-3.568528286,0.000358992,-3,6,Sporadic Hot Spot,89.47368421,0,218.9947269,9.289265546,14.78418079,11.52603826,1.601176767,11.90238542,-0.26,-0.39,-0.66,8412,27886,6217,32.13,13134,67.87,2767,14.11,16842,85.89,46009,44506,47700,0,485,0,19609,153578,31,14.78418079,11.90238542,13.25655994,12.8635907,13.17394854,13.90897677,12.1566855,12.58374135,11.9252354,10.42259888,11.0289391,10.44444444,9.345699938,9.96302572,9.289265546,10.20935344,9.997614563,12.16032643,9.578154427,2681475994,208753.1756,{BBC85BFE-6AD2-4195-898D-A25D272D5B2F},11.95781371
1785094,17179,1674222062,29832978,Tazewell County,Illinois,685,-4.338210857,1.43647E-05,-3,4,Persistent Hot Spot,100,0,237.8158967,8.497029718,18.54026403,12.51662614,2.81289967,11.66716171,0.53,-0.04,-0.22,8766,34471,14789,27.14,39694,72.86,4593,8.41,50020,91.59,134954,133470,135488,0,584,0,54613,187533,35,18.54026403,14.96870189,17.51540154,15.50566558,15.41215624,15.57788782,11.9059956,12.88124312,12.08366337,11.4458196,10.61353136,10.2179318,11.01391638,10.57722771,8.497029718,9.999614956,10.18322334,11.66716171,9.209460944,2950892663,257104.3689,{5D7E932A-FDA0-4302-A684-6693D281188F},12.75842347
1785113,17181,1070856127,22502069,Union County,Illinois,686,-3.918384,8.91446E-05,-3,4,Persistent Hot Spot,100,0,224.3959826,8.075283858,18.6523144,11.81031487,2.908048647,10.99903929,-0.27,-0.22,-0.59,1596,26067,1257,17.84,5787,82.16,1035,15.52,5634,84.48,17449,16941,17819,0,384,133218,6669,147075,21,18.6523144,13.64585152,16.61039302,13.72812227,14.58174673,14.53441048,12.26620087,14.1809607,11.00148471,10.99903929,9.113799147,8.468122235,9.760698712,10.46829695,8.248733651,9.490130993,9.826026211,10.74436684,8.075283858,1738835849,188278.1724,{1FC29AF4-0D20-4E1C-B9C8-F7A55CABB0BC},11.78722422
1785114,17183,2326560311,7531159,Vermilion County,Illinois,687,-4.408182,1.04242E-05,-3,4,Persistent Hot Spot,100,0,254.4583234,9.360620713,20.0674325,13.39254334,2.823976407,13.56098348,-0.28,-0.45,-0.64,17779,24837,8282,26.17,23362,73.83,5436,17.43,25744,82.57,78269,75792,81584,0,499,0,31180,115231,47,20.0674325,15.90604597,16.62527208,16.12732771,15.71313988,15.52273278,13.73663845,15.26291818,14.3336961,12.81459089,10.81745265,10.22257156,11.73611447,11.48182184,9.360620713,10.06481257,11.38625555,13.56098348,9.717896006,4003602096,277414.5254,{C7ACADDB-ECD0-4ACB-9430-895E41DCF1F1},13.69492363
424293,17185,578264185,10973558,Wabash County,Illinois,688,-3.918384,8.91446E-05,-3,4,Persistent Hot Spot,100,0,258.1771615,9.408156596,20.45889072,13.58827166,3.220457998,12.00391515,-0.79,-0.37,-0.41,759,26874,1485,30.25,3424,69.75,668,13.64,4228,86.36,11547,11315,11932,0,440,96477,4896,111054,12,20.45889072,17.57520392,16.88009788,16.42871124,16.14159873,16.86231648,14.91663949,17.17569333,13.3569331,11.13833605,10.61288742,10.03654157,11.63621533,11.93360519,9.744045665,10.57993476,11.28743884,12.00391515,9.408156596,962099363.3,217910.888,{02237D97-2E7E-49E7-BDD3-2053ADD9DEDD},13.61611583
1785134,17187,1404747944,1674135,Warren County,Illinois,689,-4.198268571,2.68964E-05,-3,4,Persistent Hot Spot,100,0,227.2372536,8.437319341,16.08751644,11.95985545,2.180558515,11.65367935,-0.56,-0.41,-0.57,2688,26435,1557,23.11,5181,76.89,766,11.45,5924,88.55,17044,16566,17700,0,466,0,6690,127060,29,16.08751644,12.67089357,14.92503285,15.00229961,14.58508541,14.78764784,11.65367935,12.9480289,11.39395531,11.75591326,10.78318002,10.27220762,10.79691195,10.24894875,8.437319341,10.11360051,9.577398165,12.13495401,9.062680706,2460362684,204861.2701,{E0D057B3-0A0A-438C-B0C8-647F36DEED84},11.97707028
1785150,17189,1457059688,3456567,Washington County,Illinois,690,-4.058326286,4.94257E-05,-3,4,Persistent Hot Spot,100,0,247.8209085,8.658450257,21.36486305,13.04320571,3.341890775,11.8279893,-0.29,-0.28,-0.51,605,29335,1386,23.92,4409,76.08,474,7.93,5501,92.07,14343,13984,14706,681,502,138302,5975,149246,30,21.36486305,15.67454911,17.51048766,16.50741484,15.64876422,15.58096194,13.29432197,15.95437544,12.78350034,11.51122244,10.22945888,9.642885771,10.75390781,11.01068804,8.658450257,10.10213761,10.80414161,11.8279893,8.960788234,2378576201,256250.7136,{F8852B79-5A2D-47D0-A957-3CFECAC37101},13.07003539
424296,17191,1848948304,4224962,Wayne County,Illinois,691,-4.058326286,4.94257E-05,-3,4,Persistent Hot Spot,100,0,258.4589107,9.485404546,20.86689581,13.60310056,3.317811869,12.10364887,-0.23,-0.16,-0.27,764,26595,1362,19.38,5667,80.62,999,14.12,6076,85.88,16519,16294,16750,0,379,123927,7075,118727,38,20.86689581,17.50539397,17.49661557,16.69989425,16.1738234,17.00666314,14.4702274,17.02490749,13.21570597,11.42987837,10.49212056,9.990428332,11.29661556,11.66557378,9.748016926,10.48693813,11.30015863,12.10364887,9.485404546,3024469276,221343.7151,{11078F95-8291-4834-BF93-21234DA501BF},13.6908446
424297,17193,1281491812,18346746,White County,Illinois,692,-3.988355143,6.6533E-05,-3,4,Persistent Hot Spot,100,0,253.4579579,9.541216214,20.70653153,13.33989252,3.259134206,12.02417417,-0.47,-0.31,-0.58,621,27053,1627,26.58,4495,73.42,873,14.35,5209,85.65,14246,13838,14652,0,386,108173,6082,109027,27,20.70653153,16.83663664,17.56471472,16.15525528,15.73273274,16.89722222,13.91261261,16.59144144,12.61418919,11.52357358,10.27717718,9.751501474,10.94782281,11.65412913,9.612462466,10.35795796,10.7566066,12.02417417,9.541216214,2101682166,242346.8124,{78F0143D-1AAC-4F93-A33B-92A605484DA2},13.3432906
1785167,17195,1772158753,31836569,Whiteside County,Illinois,693,-3.848412857,0.000118886,-3,3,Intensifying Hot Spot,100,0,234.8143147,9.399695444,16.37182741,12.35864814,2.023415311,12.21771573,-0.36,-0.3,-0.52,9057,26727,6057,25.83,17396,74.17,2245,9.62,21101,90.38,56871,55416,58495,0,517,141855,23346,147665,37,16.37182741,13.14639593,14.33309644,14.86192894,14.79532996,15.61857868,12.21771573,13.18629441,12.4080203,11.94086293,11.71482233,11.02786801,10.1548731,10.42284266,9.399695444,10.1977665,10.44756347,12.56467005,10.00416242,3244237763,245141.9101,{BBA376E6-599F-4372-A9A5-A3283D9EBA48},12.74714
1785190,17197,2164927644,34548925,Will County,Illinois,694,-3.778441714,0.000157813,-3,3,Intensifying Hot Spot,100,0,261.7045513,10.18495576,18.45031606,13.77392375,2.325598263,13.846102,3.04,0.45,0.54,265989,34718,39553,16.82,195582,83.18,15875,6.97,211973,93.03,706224,725533,678518,0,976,0,227848,279466,42,18.45031606,15.08621998,17.38562998,16.36818375,14.9561315,16.53472399,13.846102,14.75343447,15.45516227,13.29498525,11.96725664,11.80952381,11.57981458,12.03754739,10.18495576,10.75865992,12.05217024,13.94660766,11.23712601,3917785510,317025.3321,{73644CF3-12C3-40D5-BA32-381543A4AFF1},13.90130206
1785215,17199,1088263100,62602559,Williamson County,Illinois,695,-3.778441714,0.000157813,-3,4,Persistent Hot Spot,100,0,232.689598,8.528583909,19.58811188,12.24682095,3.03002056,11.03339161,0.8,0.35,0.27,7570,27093,9162,32.42,19098,67.58,3929,14.5,23160,85.5,68558,69494,66408,0,541,136883,27089,158523,24,19.58811188,14.2611014,16.57027975,14.39650348,15.20716783,15.55148602,12.60104896,14.77578671,11.43575174,10.96870631,9.468094407,8.914947574,9.792307691,10.78924826,8.685576926,9.771503501,10.35000001,11.03339161,8.528583909,1842974080,173189.5386,{2DD1946A-46EE-4FE0-B484-088E85901774},12.53256176
1785216,17201,1329234270,15455847,Winnebago County,Illinois,696,-3.778441714,0.000157813,-3,3,Intensifying Hot Spot,94.73684211,0,225.8777926,9.461739118,15.57551839,11.88830487,1.719569624,12.16120401,0.59,-0.2,-0.42,92347,28098,36553,31.99,77703,68.01,16373,14.29,98235,85.71,289819,283772,295317,0,632,0,114608,154462,26,15.57551839,12.73578595,13.83464883,13.34354515,13.39277591,14.13846153,12.28033445,13.20615385,12.73785954,10.80494983,11.11424746,10.6450836,9.461739118,10.27739131,9.496053515,10.39678933,10.32408027,12.16120401,9.951170574,2462467652,206920.5269,{43D344AC-9394-45BB-98D5-6AC6C8D02A9E},12.32802998
1785231,17203,1366946108,38461366,Woodford County,Illinois,697,-4.268239714,1.97022E-05,-3,4,Persistent Hot Spot,100,0,235.6710218,8.559865331,18.08698583,12.40373799,2.635810104,11.75555557,0.87,0.15,-0.06,1955,34920,2484,17.11,12033,82.89,1120,7.69,13446,92.31,39188,39062,38724,0,595,201345,14566,212167,29,18.08698583,14.09157114,16.86668913,15.20708024,15.14173972,15.22440998,11.91496966,13.30262981,12.6467296,11.55745111,10.70720536,10.17407406,10.84653198,10.14249156,8.559865331,9.999393946,10.45218856,11.75555557,8.99345921,2454122585,229445.6848,{91C62166-F1E0-4506-93B1-BA18398D33AF},12.43364482
